[{"name":"com.android.support.constraint:constraint-layout:1.1.2","index":0,"scopes":["EXTERNAL_LIBRARIES"],"types":["DEX_ARCHIVE"],"format":"JAR","present":true},{"name":"com.facebook.react:react-native:0.56.0","index":1,"scopes":["EXTERNAL_LIBRARIES"],"types":["DEX_ARCHIVE"],"format":"JAR","present":true},{"name":"com.facebook.react:react-native:0.56.0::1","index":2,"scopes":["EXTERNAL_LIBRARIES"],"types":["DEX_ARCHIVE"],"format":"JAR","present":true},{"name":"com.nbsp:library:1.8","index":3,"scopes":["EXTERNAL_LIBRARIES"],"types":["DEX_ARCHIVE"],"format":"JAR","present":true},{"name":"com.android.support:design:25.3.1","index":4,"scopes":["EXTERNAL_LIBRARIES"],"types":["DEX_ARCHIVE"],"format":"JAR","present":true},{"name":"com.android.support:appcompat-v7:27.0.2","index":5,"scopes":["EXTERNAL_LIBRARIES"],"types":["DEX_ARCHIVE"],"format":"JAR","present":true},{"name":"com.android.support:multidex:1.0.3","index":6,"scopes":["EXTERNAL_LIBRARIES"],"types":["DEX_ARCHIVE"],"format":"JAR","present":true},{"name":"com.google.firebase:firebase-core:16.0.5","index":7,"scopes":["EXTERNAL_LIBRARIES"],"types":["DEX_ARCHIVE"],"format":"JAR","present":true},{"name":"com.google.firebase:firebase-messaging:17.3.4","index":8,"scopes":["EXTERNAL_LIBRARIES"],"types":["DEX_ARCHIVE"],"format":"JAR","present":true},{"name":"me.leolin:ShortcutBadger:1.1.17","index":9,"scopes":["EXTERNAL_LIBRARIES"],"types":["DEX_ARCHIVE"],"format":"JAR","present":true},{"name":"com.android.support:transition:25.3.1","index":10,"scopes":["EXTERNAL_LIBRARIES"],"types":["DEX_ARCHIVE"],"format":"JAR","present":true},{"name":"com.google.android.gms:play-services-vision:12.0.1","index":11,"scopes":["EXTERNAL_LIBRARIES"],"types":["DEX_ARCHIVE"],"format":"JAR","present":true},{"name":"com.google.firebase:firebase-measurement-connector-impl:17.0.3","index":12,"scopes":["EXTERNAL_LIBRARIES"],"types":["DEX_ARCHIVE"],"format":"JAR","present":true},{"name":"com.google.firebase:firebase-analytics:16.0.5","index":13,"scopes":["EXTERNAL_LIBRARIES"],"types":["DEX_ARCHIVE"],"format":"JAR","present":true},{"name":"com.google.android.gms:play-services-measurement-api:16.0.3","index":14,"scopes":["EXTERNAL_LIBRARIES"],"types":["DEX_ARCHIVE"],"format":"JAR","present":true},{"name":"com.google.firebase:firebase-analytics-impl:16.2.3","index":15,"scopes":["EXTERNAL_LIBRARIES"],"types":["DEX_ARCHIVE"],"format":"JAR","present":true},{"name":"com.google.firebase:firebase-iid:17.0.4","index":16,"scopes":["EXTERNAL_LIBRARIES"],"types":["DEX_ARCHIVE"],"format":"JAR","present":true},{"name":"com.google.firebase:firebase-common:16.0.3","index":17,"scopes":["EXTERNAL_LIBRARIES"],"types":["DEX_ARCHIVE"],"format":"JAR","present":true},{"name":"com.google.firebase:firebase-measurement-connector:17.0.1","index":18,"scopes":["EXTERNAL_LIBRARIES"],"types":["DEX_ARCHIVE"],"format":"JAR","present":true},{"name":"com.google.android.gms:play-services-vision-common:12.0.1","index":19,"scopes":["EXTERNAL_LIBRARIES"],"types":["DEX_ARCHIVE"],"format":"JAR","present":true},{"name":"com.google.android.gms:play-services-stats:16.0.1","index":20,"scopes":["EXTERNAL_LIBRARIES"],"types":["DEX_ARCHIVE"],"format":"JAR","present":true},{"name":"com.google.android.gms:play-services-measurement-base:16.0.4","index":21,"scopes":["EXTERNAL_LIBRARIES"],"types":["DEX_ARCHIVE"],"format":"JAR","present":true},{"name":"com.google.android.gms:play-services-ads-identifier:16.0.0","index":22,"scopes":["EXTERNAL_LIBRARIES"],"types":["DEX_ARCHIVE"],"format":"JAR","present":true},{"name":"com.google.firebase:firebase-iid-interop:16.0.1","index":23,"scopes":["EXTERNAL_LIBRARIES"],"types":["DEX_ARCHIVE"],"format":"JAR","present":true},{"name":"com.google.android.gms:play-services-base:16.0.1","index":24,"scopes":["EXTERNAL_LIBRARIES"],"types":["DEX_ARCHIVE"],"format":"JAR","present":true},{"name":"com.google.android.gms:play-services-tasks:16.0.1","index":25,"scopes":["EXTERNAL_LIBRARIES"],"types":["DEX_ARCHIVE"],"format":"JAR","present":true},{"name":"com.google.android.gms:play-services-basement:16.0.1","index":26,"scopes":["EXTERNAL_LIBRARIES"],"types":["DEX_ARCHIVE"],"format":"JAR","present":true},{"name":"com.android.support:support-v4:27.0.2","index":27,"scopes":["EXTERNAL_LIBRARIES"],"types":["DEX_ARCHIVE"],"format":"JAR","present":true},{"name":"com.android.support:support-fragment:27.0.2","index":28,"scopes":["EXTERNAL_LIBRARIES"],"types":["DEX_ARCHIVE"],"format":"JAR","present":true},{"name":"com.android.support:support-core-utils:27.1.1","index":29,"scopes":["EXTERNAL_LIBRARIES"],"types":["DEX_ARCHIVE"],"format":"JAR","present":true},{"name":"com.google.zxing:core:3.3.0","index":30,"scopes":["EXTERNAL_LIBRARIES"],"types":["DEX_ARCHIVE"],"format":"JAR","present":true},{"name":"com.drewnoakes:metadata-extractor:2.9.1","index":31,"scopes":["EXTERNAL_LIBRARIES"],"types":["DEX_ARCHIVE"],"format":"JAR","present":true},{"name":"com.android.support:exifinterface:26.1.0","index":32,"scopes":["EXTERNAL_LIBRARIES"],"types":["DEX_ARCHIVE"],"format":"JAR","present":true},{"name":"com.android.support:recyclerview-v7:25.3.1","index":33,"scopes":["EXTERNAL_LIBRARIES"],"types":["DEX_ARCHIVE"],"format":"JAR","present":true},{"name":"com.android.support:animated-vector-drawable:27.0.2","index":34,"scopes":["EXTERNAL_LIBRARIES"],"types":["DEX_ARCHIVE"],"format":"JAR","present":true},{"name":"com.android.support:support-vector-drawable:27.0.2","index":35,"scopes":["EXTERNAL_LIBRARIES"],"types":["DEX_ARCHIVE"],"format":"JAR","present":true},{"name":"com.android.support:support-media-compat:27.0.2","index":36,"scopes":["EXTERNAL_LIBRARIES"],"types":["DEX_ARCHIVE"],"format":"JAR","present":true},{"name":"com.android.support:support-core-ui:27.0.2","index":37,"scopes":["EXTERNAL_LIBRARIES"],"types":["DEX_ARCHIVE"],"format":"JAR","present":true},{"name":"com.android.support:support-compat:27.1.1","index":38,"scopes":["EXTERNAL_LIBRARIES"],"types":["DEX_ARCHIVE"],"format":"JAR","present":true},{"name":"com.android.support:support-annotations:27.1.1","index":39,"scopes":["EXTERNAL_LIBRARIES"],"types":["DEX_ARCHIVE"],"format":"JAR","present":true},{"name":"com.android.support.constraint:constraint-layout-solver:1.1.2","index":40,"scopes":["EXTERNAL_LIBRARIES"],"types":["DEX_ARCHIVE"],"format":"JAR","present":true},{"name":"javax.inject:javax.inject:1","index":41,"scopes":["EXTERNAL_LIBRARIES"],"types":["DEX_ARCHIVE"],"format":"JAR","present":true},{"name":"com.facebook.fbui.textlayoutbuilder:textlayoutbuilder:1.0.0","index":42,"scopes":["EXTERNAL_LIBRARIES"],"types":["DEX_ARCHIVE"],"format":"JAR","present":true},{"name":"com.facebook.fresco:fresco:1.9.0","index":43,"scopes":["EXTERNAL_LIBRARIES"],"types":["DEX_ARCHIVE"],"format":"JAR","present":true},{"name":"com.facebook.fresco:imagepipeline-okhttp3:1.9.0","index":44,"scopes":["EXTERNAL_LIBRARIES"],"types":["DEX_ARCHIVE"],"format":"JAR","present":true},{"name":"com.facebook.fresco:drawee:1.9.0","index":45,"scopes":["EXTERNAL_LIBRARIES"],"types":["DEX_ARCHIVE"],"format":"JAR","present":true},{"name":"com.facebook.fresco:imagepipeline:1.9.0","index":46,"scopes":["EXTERNAL_LIBRARIES"],"types":["DEX_ARCHIVE"],"format":"JAR","present":true},{"name":"com.facebook.fresco:imagepipeline-base:1.9.0","index":47,"scopes":["EXTERNAL_LIBRARIES"],"types":["DEX_ARCHIVE"],"format":"JAR","present":true},{"name":"com.facebook.soloader:soloader:0.3.0","index":48,"scopes":["EXTERNAL_LIBRARIES"],"types":["DEX_ARCHIVE"],"format":"JAR","present":true},{"name":"com.google.code.findbugs:jsr305:3.0.0","index":49,"scopes":["EXTERNAL_LIBRARIES"],"types":["DEX_ARCHIVE"],"format":"JAR","present":true},{"name":"com.squareup.okhttp3:okhttp-urlconnection:3.10.0","index":50,"scopes":["EXTERNAL_LIBRARIES"],"types":["DEX_ARCHIVE"],"format":"JAR","present":true},{"name":"com.squareup.okhttp3:okhttp:3.10.0","index":51,"scopes":["EXTERNAL_LIBRARIES"],"types":["DEX_ARCHIVE"],"format":"JAR","present":true},{"name":"com.squareup.okio:okio:1.14.0","index":52,"scopes":["EXTERNAL_LIBRARIES"],"types":["DEX_ARCHIVE"],"format":"JAR","present":true},{"name":"org.webkit:android-jsc:r174650","index":53,"scopes":["EXTERNAL_LIBRARIES"],"types":["DEX_ARCHIVE"],"format":"JAR","present":true},{"name":"com.adobe.xmp:xmpcore:5.1.2","index":54,"scopes":["EXTERNAL_LIBRARIES"],"types":["DEX_ARCHIVE"],"format":"JAR","present":true},{"name":"com.google.android.gms:play-services-vision-license:12.0.1","index":55,"scopes":["EXTERNAL_LIBRARIES"],"types":["DEX_ARCHIVE"],"format":"JAR","present":true},{"name":"com.facebook.fbui.textlayoutbuilder:staticlayout-proxy:1.0","index":56,"scopes":["EXTERNAL_LIBRARIES"],"types":["DEX_ARCHIVE"],"format":"JAR","present":true},{"name":"com.facebook.fresco:fbcore:1.9.0","index":57,"scopes":["EXTERNAL_LIBRARIES"],"types":["DEX_ARCHIVE"],"format":"JAR","present":true},{"name":"android.arch.lifecycle:runtime:1.1.0","index":58,"scopes":["EXTERNAL_LIBRARIES"],"types":["DEX_ARCHIVE"],"format":"JAR","present":true},{"name":"com.google.android.gms:play-services-vision-common-license:12.0.1","index":59,"scopes":["EXTERNAL_LIBRARIES"],"types":["DEX_ARCHIVE"],"format":"JAR","present":true},{"name":"com.parse.bolts:bolts-tasks:1.4.0","index":60,"scopes":["EXTERNAL_LIBRARIES"],"types":["DEX_ARCHIVE"],"format":"JAR","present":true},{"name":"android.arch.lifecycle:common:1.1.0","index":61,"scopes":["EXTERNAL_LIBRARIES"],"types":["DEX_ARCHIVE"],"format":"JAR","present":true},{"name":"android.arch.core:common:1.1.0","index":62,"scopes":["EXTERNAL_LIBRARIES"],"types":["DEX_ARCHIVE"],"format":"JAR","present":true},{"name":":react-native-languages-2","index":65,"scopes":["SUB_PROJECTS"],"types":["DEX_ARCHIVE"],"format":"JAR","present":true},{"name":":react-native-languages-3","index":66,"scopes":["SUB_PROJECTS"],"types":["DEX_ARCHIVE"],"format":"JAR","present":true},{"name":":react-native-languages-4","index":67,"scopes":["SUB_PROJECTS"],"types":["DEX_ARCHIVE"],"format":"JAR","present":true},{"name":":react-native-share-1","index":69,"scopes":["SUB_PROJECTS"],"types":["DEX_ARCHIVE"],"format":"JAR","present":true},{"name":":react-native-share-2","index":70,"scopes":["SUB_PROJECTS"],"types":["DEX_ARCHIVE"],"format":"JAR","present":true},{"name":":react-native-share-3","index":71,"scopes":["SUB_PROJECTS"],"types":["DEX_ARCHIVE"],"format":"JAR","present":true},{"name":":react-native-share-4","index":72,"scopes":["SUB_PROJECTS"],"types":["DEX_ARCHIVE"],"format":"JAR","present":true},{"name":":react-native-fcm-0","index":73,"scopes":["SUB_PROJECTS"],"types":["DEX_ARCHIVE"],"format":"JAR","present":true},{"name":":react-native-fcm-1","index":74,"scopes":["SUB_PROJECTS"],"types":["DEX_ARCHIVE"],"format":"JAR","present":true},{"name":":react-native-fcm-2","index":75,"scopes":["SUB_PROJECTS"],"types":["DEX_ARCHIVE"],"format":"JAR","present":true},{"name":":react-native-fcm-3","index":76,"scopes":["SUB_PROJECTS"],"types":["DEX_ARCHIVE"],"format":"JAR","present":true},{"name":":react-native-fcm-4","index":77,"scopes":["SUB_PROJECTS"],"types":["DEX_ARCHIVE"],"format":"JAR","present":true},{"name":":react-native-mail-1","index":79,"scopes":["SUB_PROJECTS"],"types":["DEX_ARCHIVE"],"format":"JAR","present":true},{"name":":react-native-mail-4","index":82,"scopes":["SUB_PROJECTS"],"types":["DEX_ARCHIVE"],"format":"JAR","present":true},{"name":":react-native-file-selector-1","index":84,"scopes":["SUB_PROJECTS"],"types":["DEX_ARCHIVE"],"format":"JAR","present":true},{"name":":react-native-file-selector-2","index":85,"scopes":["SUB_PROJECTS"],"types":["DEX_ARCHIVE"],"format":"JAR","present":true},{"name":":react-native-file-selector-4","index":87,"scopes":["SUB_PROJECTS"],"types":["DEX_ARCHIVE"],"format":"JAR","present":true},{"name":":react-native-camera-0","index":88,"scopes":["SUB_PROJECTS"],"types":["DEX_ARCHIVE"],"format":"JAR","present":true},{"name":":react-native-camera-1","index":89,"scopes":["SUB_PROJECTS"],"types":["DEX_ARCHIVE"],"format":"JAR","present":true},{"name":":react-native-camera-2","index":90,"scopes":["SUB_PROJECTS"],"types":["DEX_ARCHIVE"],"format":"JAR","present":true},{"name":":react-native-camera-3","index":91,"scopes":["SUB_PROJECTS"],"types":["DEX_ARCHIVE"],"format":"JAR","present":true},{"name":":react-native-camera-4","index":92,"scopes":["SUB_PROJECTS"],"types":["DEX_ARCHIVE"],"format":"JAR","present":true},{"name":":react-native-image-picker-0","index":93,"scopes":["SUB_PROJECTS"],"types":["DEX_ARCHIVE"],"format":"JAR","present":true},{"name":":react-native-image-picker-1","index":94,"scopes":["SUB_PROJECTS"],"types":["DEX_ARCHIVE"],"format":"JAR","present":true},{"name":":react-native-image-picker-2","index":95,"scopes":["SUB_PROJECTS"],"types":["DEX_ARCHIVE"],"format":"JAR","present":true},{"name":":react-native-image-picker-3","index":96,"scopes":["SUB_PROJECTS"],"types":["DEX_ARCHIVE"],"format":"JAR","present":true},{"name":":react-native-image-picker-4","index":97,"scopes":["SUB_PROJECTS"],"types":["DEX_ARCHIVE"],"format":"JAR","present":true},{"name":":react-native-fetch-blob-0","index":98,"scopes":["SUB_PROJECTS"],"types":["DEX_ARCHIVE"],"format":"JAR","present":true},{"name":":react-native-fetch-blob-1","index":99,"scopes":["SUB_PROJECTS"],"types":["DEX_ARCHIVE"],"format":"JAR","present":true},{"name":":react-native-fetch-blob-2","index":100,"scopes":["SUB_PROJECTS"],"types":["DEX_ARCHIVE"],"format":"JAR","present":true},{"name":":react-native-fetch-blob-3","index":101,"scopes":["SUB_PROJECTS"],"types":["DEX_ARCHIVE"],"format":"JAR","present":true},{"name":":react-native-fetch-blob-4","index":102,"scopes":["SUB_PROJECTS"],"types":["DEX_ARCHIVE"],"format":"JAR","present":true},{"name":":react-native-vector-icons-1","index":104,"scopes":["SUB_PROJECTS"],"types":["DEX_ARCHIVE"],"format":"JAR","present":true},{"name":":react-native-vector-icons-2","index":105,"scopes":["SUB_PROJECTS"],"types":["DEX_ARCHIVE"],"format":"JAR","present":true},{"name":":react-native-vector-icons-4","index":107,"scopes":["SUB_PROJECTS"],"types":["DEX_ARCHIVE"],"format":"JAR","present":true},{"name":"6cc2405789077a538bf8d079f4fce0b72e6282f5","index":108,"scopes":["PROJECT"],"types":["DEX_ARCHIVE"],"format":"DIRECTORY","present":true},{"name":"com.google.code.gson:gson:2.8.5-0","index":109,"scopes":["EXTERNAL_LIBRARIES"],"types":["DEX_ARCHIVE"],"format":"JAR","present":true},{"name":"com.google.code.gson:gson:2.8.5-1","index":110,"scopes":["EXTERNAL_LIBRARIES"],"types":["DEX_ARCHIVE"],"format":"JAR","present":true},{"name":"com.google.code.gson:gson:2.8.5-2","index":111,"scopes":["EXTERNAL_LIBRARIES"],"types":["DEX_ARCHIVE"],"format":"JAR","present":true},{"name":"com.google.code.gson:gson:2.8.5-3","index":112,"scopes":["EXTERNAL_LIBRARIES"],"types":["DEX_ARCHIVE"],"format":"JAR","present":true},{"name":"com.google.code.gson:gson:2.8.5-4","index":113,"scopes":["EXTERNAL_LIBRARIES"],"types":["DEX_ARCHIVE"],"format":"JAR","present":true},{"name":"com.anjlab.android.iab.v3:library:1.0.44-0","index":115,"scopes":["EXTERNAL_LIBRARIES"],"types":["DEX_ARCHIVE"],"format":"JAR","present":true},{"name":"com.anjlab.android.iab.v3:library:1.0.44-1","index":116,"scopes":["EXTERNAL_LIBRARIES"],"types":["DEX_ARCHIVE"],"format":"JAR","present":true},{"name":"com.anjlab.android.iab.v3:library:1.0.44-2","index":117,"scopes":["EXTERNAL_LIBRARIES"],"types":["DEX_ARCHIVE"],"format":"JAR","present":true},{"name":"com.anjlab.android.iab.v3:library:1.0.44-3","index":118,"scopes":["EXTERNAL_LIBRARIES"],"types":["DEX_ARCHIVE"],"format":"JAR","present":true},{"name":"com.anjlab.android.iab.v3:library:1.0.44-4","index":119,"scopes":["EXTERNAL_LIBRARIES"],"types":["DEX_ARCHIVE"],"format":"JAR","present":true}]